<?xml version='1.0' encoding='UTF-8'?>
<faces-config
    xmlns="http://xmlns.jcp.org/xml/ns/javaee"
    xmlns:xsi="http://www.w3.org/2001/XMLSchema-instance"
    xsi:schemaLocation="http://xmlns.jcp.org/xml/ns/javaee http://xmlns.jcp.org/xml/ns/javaee/web-facesconfig_2_2.xsd"
    version="2.2">

  <flow-definition id="checkout">
    <!-- The outcome in flow-return must match an outcome in the calling flow. 
         E.g., it could be /callingflow/page-in-calling-flow or it 
         could be /callingflow-return-page-outcome. -->
    <flow-return id="exit">
      <from-outcome>/shop-return-page</from-outcome>
    </flow-return>
    <flow-return id="back-to-shopping">
      <from-outcome>/shop/shop</from-outcome>
    </flow-return>
    <inbound-parameter>
      <name>special1Orders</name>
      <value>#{checkoutFlowBean.special1.orders}</value>
    </inbound-parameter>
    <inbound-parameter>
      <name>special2Orders</name>
      <value>#{checkoutFlowBean.special2.orders}</value>
    </inbound-parameter>
  </flow-definition>

</faces-config>